{
    "tot_pictures": 1233.0,
    "mean(picture/day)": 5.2025316455696204,
    "stdv(picture/day)": 17.505186510637508,
    "third_interquantile(picture/day)": 3.0,
    "min_date-min_value": [
        "2-1",
        1.0
    ],
    "max_date-max_value": [
        "6-9",
        232.0
    ],
    "outliers": [
        [
            "6-9",
            232
        ],
        [
            "9-12",
            86
        ],
        [
            "6-8",
            57
        ],
        [
            "12-6",
            46
        ],
        [
            "11-22",
            41
        ],
        [
            "12-14",
            41
        ],
        [
            "9-21",
            39
        ],
        [
            "12-2",
            38
        ],
        [
            "12-10",
            30
        ],
        [
            "8-11",
            27
        ],
        [
            "11-9",
            25
        ]
    ]
}